class_id,class_name,support,predicted,precision,recall,f1
0,steady,332,328,0.9695121951219512,0.9578313253012049,0.9636363636363636
1,transition,16,20,0.3,0.375,0.33333333333333326
