class_id,class_name,support,predicted,precision,recall,f1
0,steady,332,324,0.9722222222222222,0.9487951807228916,0.9603658536585367
1,transition,16,24,0.2916666666666667,0.4375,0.35000000000000003
