{
  "accuracy": 0.9827586206896551,
  "balanced_accuracy": 0.9505102040816327,
  "macro_f1": 0.9307645963773675,
  "weighted_f1": 0.9837987833808578,
  "num_eval_windows": 290,
  "num_classes": 14,
  "majority_baseline_accuracy": 0.14482758620689656,
  "train_final_accuracy": 1.0,
  "train_final_loss": 0.012823422439396381,
  "feature_dim": 8378,
  "num_windows": 1147
}