{
  "accuracy": 0.9828178694158075,
  "balanced_accuracy": 0.9800925925925925,
  "macro_f1": 0.9791023658779895,
  "weighted_f1": 0.98276563540562,
  "num_eval_windows": 291,
  "num_classes": 18,
  "majority_baseline_accuracy": 0.13745704467353953,
  "train_final_accuracy": 1.0,
  "train_final_loss": 0.014624637551605701,
  "feature_dim": 8378,
  "num_windows": 1144
}