{
  "accuracy": 0.9828178694158075,
  "balanced_accuracy": 0.9643518518518519,
  "macro_f1": 0.96884342657456,
  "weighted_f1": 0.9824311468352843,
  "num_eval_windows": 291,
  "num_classes": 18,
  "majority_baseline_accuracy": 0.13745704467353953,
  "train_final_accuracy": 1.0,
  "train_final_loss": 0.019042566418647766
}