{
  "accuracy": 0.5028901734104047,
  "precision": 0.5030864197530864,
  "recall": 0.47109826589595377,
  "f1": 0.4865671641791045,
  "tp": 163,
  "tn": 185,
  "fp": 161,
  "fn": 183,
  "positive_rate_true": 0.5,
  "positive_rate_pred": 0.4682080924855491,
  "task": "misalignment_detection",
  "input": "motion+visual pair -> aligned vs shifted by 8 windows",
  "split": "chronological",
  "num_samples": 2306,
  "num_train_samples": 1614,
  "num_test_samples": 692,
  "train_final_accuracy": 0.5018587360594795
}