{
  "accuracy": 0.9758620689655172,
  "balanced_accuracy": 0.9783924095954172,
  "macro_f1": 0.9528048001232955,
  "weighted_f1": 0.9778836359351952,
  "num_eval_windows": 290,
  "num_classes": 14,
  "majority_baseline_accuracy": 0.14482758620689656,
  "train_final_accuracy": 1.0,
  "train_final_loss": 0.02664567530155182
}